"","species_name","algorithm","dismo_threshold","kappa","spec_sens","no_omission","prevalence","equal_sens_spec","sensitivity","correlation","AUC","AUCratio","pROC","TSSmax","KAPPAmax","prevalence.value","PPP","NPP","TPR","TNR","FPR","FNR","CCR","Kappa","F_score","Jaccard"
"1","tacinga_werneri","bioclim","spec_sens",0.111011113333333,0.111011113333333,-1e-04,0.27781111,0.222122223333333,0.222122223333333,0.178162292966694,0.616666666666667,1.23333333333333,NA,0.288888888888889,0.292063492063492,0.375,0.569444444444444,NA,0.722222222222222,0.566666666666667,0.433333333333333,0.277777777777778,0.625,0.292063492063492,0.592929292929293,0.446428571428571
"2","tacinga_werneri","glm","spec_sens",0.58572516,0.58572516,0.220967413333333,0.454645263333333,0.571897116666667,0.288781513333333,0.381001276226448,0.777777777777778,1.55555555555556,1.84151708472747,0.644444444444444,0.641750841750842,0.375,0.833333333333333,0.88974358974359,0.777777777777778,0.866666666666667,0.133333333333333,0.222222222222222,0.833333333333333,0.641750841750842,0.766666666666667,0.626984126984127
"3","tacinga_werneri","maxnet","spec_sens",0.518608006666667,0.518608006666667,0.31211333,0.393748913333333,0.47261533,0.343512003333333,0.342861389668057,0.777777777777778,1.55555555555556,1.82306152196456,0.677777777777778,0.685185185185185,0.375,0.875,0.881410256410256,0.777777777777778,0.9,0.1,0.222222222222222,0.854166666666667,0.685185185185185,0.793650793650794,0.685185185185185
