"","threshold","tp","fp","fn","tn","prevalence","ODP","CCR","TPR","TNR","FPR","FNR","PPP","NPP","MCR","OR","kappa","TSS","FScore","Jaccard"
"1",-1e-04,6,10,0,0,0.375,0.625,0.375,1,0,1,0,0.375,NA,0.625,NA,0,0,0.545454545454546,0.375
"2",0.33323333,0,1,6,9,0.375,0.625,0.5625,0,0.9,0.1,1,0,0.6,0.4375,0,-0.12,-0.1,0,0
"3",0.33333333,0,1,6,9,0.375,0.625,0.5625,0,0.9,0.1,1,0,0.6,0.4375,0,-0.12,-0.1,0,0
"4",0.33343333,0,0,6,10,0.375,0.625,0.625,0,1,0,1,NA,0.625,0.375,NA,0,0,NA,0
