"","threshold","tp","fp","fn","tn","prevalence","ODP","CCR","TPR","TNR","FPR","FNR","PPP","NPP","MCR","OR","kappa","TSS","FScore","Jaccard"
"1",-1e-04,6,10,0,0,0.375,0.625,0.375,1,0,1,0,0.375,NA,0.625,NA,0,0,0.545454545454546,0.375
"2",0.16656667,2,2,4,8,0.375,0.625,0.625,0.333333333333333,0.8,0.2,0.666666666666667,0.5,0.666666666666667,0.375,2,0.142857142857143,0.133333333333333,0.4,0.25
"3",0.16666667,0,0,6,10,0.375,0.625,0.625,0,1,0,1,NA,0.625,0.375,NA,0,0,NA,0
"4",0.16676667,0,0,6,10,0.375,0.625,0.625,0,1,0,1,NA,0.625,0.375,NA,0,0,NA,0
