"","threshold","tp","fp","fn","tn","prevalence","ODP","CCR","TPR","TNR","FPR","FNR","PPP","NPP","MCR","OR","kappa","TSS","FScore","Jaccard"
"1",-1e-04,6,10,0,0,0.375,0.625,0.375,1,0,1,0,0.375,NA,0.625,NA,0,0,0.545454545454546,0.375
"2",0.16656667,5,1,1,9,0.375,0.625,0.875,0.833333333333333,0.9,0.1,0.166666666666667,0.833333333333333,0.9,0.125,45,0.733333333333333,0.733333333333333,0.833333333333333,0.714285714285714
"3",0.33323333,4,1,2,9,0.375,0.625,0.8125,0.666666666666667,0.9,0.1,0.333333333333333,0.8,0.818181818181818,0.1875,18,0.586206896551724,0.566666666666667,0.727272727272727,0.571428571428571
"4",0.4999,1,1,5,9,0.375,0.625,0.625,0.166666666666667,0.9,0.1,0.833333333333333,0.5,0.642857142857143,0.375,1.8,0.0769230769230769,0.0666666666666667,0.25,0.142857142857143
"5",0.5,1,1,5,9,0.375,0.625,0.625,0.166666666666667,0.9,0.1,0.833333333333333,0.5,0.642857142857143,0.375,1.8,0.0769230769230769,0.0666666666666667,0.25,0.142857142857143
"6",0.5001,0,0,6,10,0.375,0.625,0.625,0,1,0,1,NA,0.625,0.375,NA,0,0,NA,0
